user_nber,new_female
aaditya_mmattoo,0
Aakaash_Rao,0
aakrit__joshi,0
aart_dezeeuw,0
aart_kraay,0
aasthaa_basu,1
abdelhak_senhadji,0
abdolkarim_sadrieh,0
abon_mozumdar,0
aboozar_hadavand,0
ABrinatti,1
achyuta_adhvaryu,0
actonril,1
adalbert_mayer,0
adam_chen,0
adi__choen_,-1
adi_boiko,0
adi_brender,0
adi_shany,1
adi_sunderam,0
adrian_buss,0
adrian_gottschalk,0
adrian_hamins-puertolas,0
adrian_pagan,0
adrian_stoian,0
adrian_towse,0
adrien_auclert,0
adrien_bilal,0
adrien_bouguen,0
adrien_dgavernas,0
adrien_matray,0
adrien_verdelhan,0
afras_sial,0
agar_brugiavini,1
agha_akram,0
ahaguiar,0
Ahu_yildirmaz,1
ai_tee_koh,1
aidan_coville,0
aifan_ling,0
aihiko_matsui,0
aiyesha_dey,1
aiyou_chen,0
ajin_lee,1
ake_gunnelin,0
akira_konakayama,0
akira_sasahara_1,0
akira_takeishi,0
akos_valentinyi,0
akshaya_jha,0
alain_monfort,0
alaka_holla,1
aleh_tsyvinski,0
alexi_savov,0
alexis_antoniades,0
alexis_diamond,0
alexjuziao,0
ali__makhdoumi,0
ali_cheema,0
ali_dib,-1
ali_hortacsu,0
ali_karimirad,0
ali_moghtaderi,0
ali_ozdagli,0
ali_protik,0
ali_raja,0
ali_shourideh,0
ali_sina_onder,0
ali_yurukoglu,0
alisdair_mckay,0
alix_zwane,1
allanzhu01,0
allaudeen_hameed,0
almos_telegdy,0
aloisio_araujo,0
alphecca_muttardy,1
aluma_dembo,1
alvin7862,0
amalavoyal__chari,0
amartya_lahiri,0
ambropo,0
aminou_arouna,0
amiyatosh_purnanandam,0
an-chi_tung,0
ana_mocanu,-1
andra_ghent,1
andree-anne_fournier,1
andrin_pelican,0
andy0903,0
angel_cuevas,0
angel_estrada,0
angel_iglesias,-1
angshuman_gooptu,0
anh_le,0
anh_tran,0
AnhLe,1
anindya_banerjee,0
anindya_chakrabarti,0
anindyasen,0
aniol_llorente-saguer,0
aniruddh_mohan,0
anmol_bhandari,0
anne-line__koch_helso,1
anne-lore_fraikin,1
ansgar__wubker,0
ansgar_walther,0
antoinette_schoar,1
antti_petajisto,0
anuk__serechetapongse,1
anusua_datta,1
ao_wang,0
aparajita_goyal,1
apoorv_gupta,0
aprajit_mahajan,0
aqj474,1
arata_ito,0
arcenis_rojas,-1
Areendam_chanda,0
arghya_ghosh,0
argia_sbordone,1
ari_bronsoler,0
ari_hyytinen,0
ari_juels,0
ari_kokko,0
ari_kuncoro,0
ari_levine,0
arie_bregman,0
arie_kapteyn,0
arie_melnik,0
ariel_benyishay,0
ariel_binder,0
ariel_burstein,0
ariel_dorastern,1
ariel_fishman,0
ariel_goldszmidt,0
ariel_Kalil,1
ariel_pakes,0
ariell_reshef,0
ariell_zimran,0
arild_aakvik,0
arindrajit_dube,0
aris_stouraitis,0
arizo_karimi,1
arkadipta__ghosh,0
arlete_mahumane,1
arminio_fraga,0
arnar_buason,0
arngrim_hunnes,0
arseny_mamedov,0
arturs_kalnins,0
arunima_sinha,1
arvids_ziedonis,0
asadul__islam,0
Ashantha,0
ashesh_rambachan,0
Ashlesha_datar,1
aspen_gorry,0
assar_lindbeck,0
assem_safieddine,0
asuman_ozdaglar,1
ataman_ozyildirim,0
ateev_mehrotra,0
atheendar_venkataramani,0
atila_abdulkadiroglu,0
atonu__rabbani,0
atreya_chakraborty,0
atsuhiro_yamada,0
aubhik_khan,0
ausmita_ghosh,1
avanidhar_subrahmanyam,0
avery__calkins,1
avery_guest,0
awash_teklehaimanot,0
axm359,0
aydogan_alti,0
aydogan_ulker,0
aymeric_bellon,0
azarakhsh_malekian,1
azi_benrephael,0
azucker,1
b._ravikumar,0
babar_sultan,0
baboucarr_bouy,0
babur_delossantos,0
bach4u,0
banani_nandi,1
Banban_Wang,1
banu_demir,1
baolian_wang,0
baoni,1
baozhong_yang,0
barra_Roantree,0
bartek_woda,-1
basant_kapur,0
basimenye_nhlema,1
BasJacobs,0
basterweel,0
bbonadio,0
bc1105,0
beenlon_chen,0
beethina_kahn,1
beeyan_awroberts,1
bei_liu,1
belgi_turan,1
bence_bardoczy,0
benjarong_suwankiri,0
bent_sorensen,0
beomsoo_kim,0
berardino_palazzo,0
bergljot_barkbu,1
bfeng1,0
bhagwan_chowdhry,0
bhashkar_mazumder,0
bhaskaran_swaminathan,0
bhaven_sampat,0
bidemi_carrol,1
bihjane_liu,1
bilge_erten,1
bilgehan_karabay,0
billie_davis,1
bilyana_bogdanova,1
bin_ke,0
bin_wei,0
bin_zhao,1
bingjing_li,1
bingxu_chen,0
bingyang_li,-1
binkai_chen,0
binying_liu,0
bippolito,0
biqin_xie,1
bisakha_sen,1
bjart_holtsmark,0
bjorn-jakob_treutler,0
bluehaven,0
bnaya_dreyfuss,0
bo_becker,0
bo_chen,0
bo_cowgill,0
bo_honore,0
bo_li_2,1
bo_soderberg1,0
bo_wang,0
bo_zhao,0
bo_zhou_1,1
bocar_ba,0
bochen_cao,0
bodo_sturm,0
bogang_jun,1
bokyung.kim,1
bondan_sikoki,1
bong-chan_kho,0
boon_wah_kwan,0
bora_durdu,0
bora_ozaltun,0
boragan_aruoba,0
borghan_narajabad,0
boriana_miloucheva,1
botond_koszegi,0
boyang_liu,-1
boyang_zhang,0
bpshang,0
bralind_kiri,0
braz_camargo,0
brennan_platt,0
breno_braga,0
britneywu,1
brooks_depro,0
brooks_pierce,-1
brooks_robinson,0
Bucher-Koenen,1
burhanettin_kuruscu,0
byeong-je_an,0
byung-joo_lee,0
byung-kun_rhee,-1
byung-kwang_yoo,0
Byungkyu_Lee,0
cagri_kumru,0
caixia_shen,1
cajeme_villarreal,0
cameron__speir,0
cameron_ellis,0
cameron_peng,0
cameronh,0
campbell_harvey,0
canlin_li,0
canyao_liu,0
carlywill_sloan,1
carson_christiano,1
carter.mix,0
cary_frydman,0
casey_dougal,0
casey_ichniowski,0
casey_mulligan,0
casey_rothschild,0
casey_warman,0
caseywichman,0
cass_sunstein,0
caue_de_castro_dobbin,0
cbleith,0
ccmaue,0
cecep_sumantri,0
cesaire_meh,0
cesi_cruz,1
cevat_giray_aksoy,0
chaleampong_kongcharoen,0
chamna__yoon,0
chandler_b_mcclellan,0
chandler_lutz,0
chandler_mcclellan,0
chandrayee_chatterjee,1
chang-jin_kim,0
chang-tai_hsieh,0
changcheng_song,0
Changhua_Yu,0
changyong_rhee,0
chanont_banternghansa,0
chao_fu,1
chao_gu,1
chao-cheng_mai,0
chaopeng_wu,-1
Chaoran,0
charles_weymuller,0
chatib_basri,0
che-yuan_liang,0
chelin_su,0
chen_lian,0
chen_lin,0
chen_liu,0
chen_xue,0
chen_yan,0
chendi_zhang,0
cheng_chen,0
cheng_cheng,0
cheng_hsiao,0
cheng_wang,0
chenhao_tan,0
chenxin_liu,0
chenying_zhang,1
chenyu_yang,0
Chenyuan_Liu,1
chenzoo33,1
cheyney_ogfallon,0
chi_heem_wong,0
chi_ta,1
chi_wan,0
chi-wa_yuen,0
chia-lun_liu,0
chia-yu_shen,1
chicheng_ma,0
chichun_fang,0
chien-yu_lai,0
chih-chin_ho,0
chih-hung_chen_1,-1
chih-sheng_hsieh,0
ching-chong_lai,0
ching-i_huang,0
ching-mu_chen,-1
ching-yi_chung,-1
ching-yi_lin,1
chinhui_juhn,1
chishen_wei,0
choijk85,0
chongen_bai,0
chongyang__chen,0
choongsoo_kim,0
chor-ching_goh,1
chrissy_giannitsarou,1
christian_gourieroux,0
christodoulos_louca,0
chuantian_he,0
chudozie,0
chuh-yuh_yang,0
chulhee_lee,0
chun_chang,0
chun_liu,0
chun-che_chi,0
chun-fang_chiang,1
chung303,0
chungeun_yoon,0
chungshu_wu,0
chungyi_tse,0
chunlin_liu,0
chunmei_wang,1
chunmian_ge,0
chunxiao_li,0
chunxin_jia,0
chunyu_yang,0
chunzan.wu,0
clafountainc,1
claustre_bajona,1
Climent_Quintana-Domeque,0
clodomiro_ferreira,0
conghui_hu,0
congshan_zhang,0
conny__olovsson,0
constantijn_panis,0
corey__davis,0
corey_vernot,0
corey_white,0
cornell_krizan,0
cory_capps,0
cory_cutsail,0
cory_koedel,0
cory_monroe,0
cory_smith,0
courtney_coile,1
courtney_collins,1
courtney_van_houtven,1
crina_viju,1
cuicui_chen,1
cuilorama,1
cuiping_long_2,1
cuiping_schiman,1
cuttynecro,0
cyavas,-1
cychoi,0
cynthia_lin,1
Cynthia_Ma,1
cyrus_chu,0
d._layne_coppock,0
dacheng_xiu,0
daekim04,-1
dahyeon_jeong,0
daichun_yi,1
daiji_kawaguchi,0
daisoon_kim,0
dajun_lin,0
dake_zhang,0
dale_gray,0
dale_henderson,0
dale_jorgenson,0
dale_mortensen,0
dallas_burtraw,0
dalmia,0
dan-olof_rooth,0
dana__suskind,1
dana_burde,1
dana_carney,1
dana_foarta,1
dana_galizia,0
dana_goldman,0
dana_kiku,1
dana_medianu,-1
dana_rotz,1
dana_turjeman,1
dana_weisenfeld,1
danglun__luo,0
dani_rodrik,0
daniele_coen-pirani,0
daniele_giovannucci,0
daniele_macciocchi,0
daniele_paserman,0
daniele_terlizzese,0
danielken_molina,0
danling_jiang,1
Dany_Bahar,0
dany_jaimovich,0
danyang_xie,0
danying_xiao,1
daqing_yao,0
daruo_xie,0
davidjan_jansen,0
dawndawn8589,1
daxuan_zhao,0
dayanand_manoli,0
debopam_bhattacharya,0
debraj_ray,0
decarlson,0
decio_covielllo,0
deichmann,0
dengshing_huang,0
deniz_aydin,0
deniz_igan,1
deniz_yavuz,0
deokrye_baek,1
deokwoo_nam,0
devavrat_shah,0
devin_bunten,1
devin_pope,0
devin_shanthikumar,1
devinreilly,0
devmag,0
Devon_Gorry,1
dexin_li,1
deyu_rao,0
dezhuang_hu,0
dfarrnber,0
dhammika_dharmapala,0
dhanoos_sutthiphisal,0
dharik_mallapragada,0
dhiman_das,0
dhushyanth_raju,0
dhyue,0
diaye_marc-arthur,0
diether,0
dietrick_vollrath,0
ding_liu,0
dingqian_liu,1
dion_bongaerts,0
divyarthi_mohan,1
dll2013,1
dobrislav_dobrev,0
dohnlee,0
doireann_fitzgerald,1
dominique_guellec,0
dominique_van_de_walle,1
domonkos_vamossy,0
dongchul_cho,0
donggyu_sul,0
donggyun_shin,0
dongho_song,0
donghoon_lee,0
donghua_chen,0
donghyun_lee,0
donghyun_park,0
dongmei_li,1
dongwoo_yoo,0
dongwook_kim,-1
donnenfd,0
doppelhofer,0
dorian_carloni,0
douyany,-1
drecology,0
druzic,0
dskim8001,0
dukgeun_ahn,0
ebonya_washington,1
eckhard_janeba,0
efraim_sadka,0
eggert_thorarinsson,0
ehan_kim,0
eiichi_tomiura,0
eilin_francis,1
eivind_ystrom,0
ekki_syamsulhakim,0
eldar_shafir,0
elhanan_helpman,0
Elior_Cohen,0
elira_kuka,1
emek_basker,1
emel_filiz-ozbay,1
emilien_gouin-bonenfant,0
emilson_silva,0
emla_fitzsimons,1
emmanuelle_lavaine,1
enghin_atalay,0
engy_ziedan,1
enisse_kharroubi,0
enrichetta_ravina,1
eren_inci,0
erik_reedy,0
erkut_ozbay,0
ernstludwig_vonthadden,0
erte_xiao,1
erwan_gautier,0
erwan_quintin,0
erwann_michelkerjan,0
erzo_luttmer,0
erzo_luttmer1,0
esben_hedegaard,0
esben_schultz,0
eswar_prasad,0
eszter_czibor,1
etienne_gagnon,0
etienne_lale,0
EtienneLEHMANN,0
etsuro_shioji,0
eun-young_shim,1
evgenii_safonov,0
ewout__frankema,0
ewout_verriest_,0
faical_akaichi,0
fali_huang,1
falk_brauning,0
fang_cai,1
fang_he_1,0
fang_xu,-1
fang_yang,1
fangwen_lu,1
fangzhou_lu,0
fanxiaodong,0
fanyin_zheng,1
fei_chen,0
fei_song,-1
feixue_xie,1
feng-an_yang,0
fengshi_niu,0
filipa_sa,1
filippos_papakonstantinou,0
firouz_gahvari,0
flavien_moreau,0
florenta_teodoridis,1
fo_kodjo_dzinyefa_aflagah,0
francesc_ortega,0
francis_de_vericourt,0
francis_diebold,0
francis_ditraglia,0
francis_kramarz,0
francis_larson,0
francis_longstaff,0
francis_lui,0
francis_meyo,0
francis_vella,0
francis_warnock,0
francis_wong,0
frederique_savignac,0
freyan_panthaki,1
frina_lin,1
fuhai_hong,0
fuhito_kojima,0
fukunari_kimura,0
Funshine,0
gajendran_raveendranathan,0
gangadhar_jayanty,1
garance_genicot,1
garima_sharma,1
gaurab_aryal_1,0
gaute,0
gaute_torsvik,0
gauthier_marchais,0
gauti_eggertsson,0
Gautier,0
ge_bai,1
gee_san,0
geehee_hong,1
geetesh_bhardwaj,0
geng_li,0
genliuyang,0
george-marios_angeletos,0
georgii_riabov,0
georgij_alekseev,0
georgy_egorov,0
geoter,0
gergely_ujhelyi,0
gernot_muller,0
gernot_wagner,0
gharad_bryan,0
giammario_impullitti,0
giampiero_gallo,0
gian-paolo_klinke,-1
gianni_denicolo,0
gianni_toniolo,0
gihoon_hong,0
gikas_hardouvelis,0
gilat_levy,1
giorgo_sertsios,0
girum_abebe,0
gisle_natvik,0
Givi_Melkadze,0
gkeshar,0
glEcon,0
gojko_barjamovic,0
gokce7,1
Golvine,1
goncalo_alves_pina,0
gong_cheng,0
gopinath_munisamy,0
gorewa,0
greer_gosnell,1
grid_thoma,0
Grignon,0
grischa_perino,0
guadalupe_bedoya,1
gualtiero_azzalini,0
guangyu_cao,0
guanhao_feng,0
gueorgui_kambourov,0
guglielmo_briscese,0
guglielmo_weber,0
guhan_subramanian,0
guilhem_cassan,0
gulgun_bayaz_ozturk,1
gunes_kamber,0
guo_fan,-1
guo_xu,0
guodong_gao,0
guofu_tan,0
guofu_zhou,0
guojun_he,0
guojun_wu,0
guoying_deng,-1
guozhong_zhu,0
gurnain_pasricha,1
gurpal_sran,0
gw_stewart,0
gwilym_pryce,0
gyurim_kim,-1
h_nagaraja,0
haelim_anderson,1
haewon_mcjeon,0
hai_huang,0
haibo_xu,0
haichao_fan_1,0
haiden_huskamp,1
haitao_mo,0
haitao_yin,0
haixiao__huang,0
haiyan_deng,1
haizhen_lin,1
haizheng_li,0
haizhou_huang,0
hakizumwami_runesha,0
halsey_rogers,0
han_hong_1,0
han_shen,1
han_shin,0
han_yu,0
hanbin_yang,0
hanbing_fan,1
hanh_ahlee,0
hanjiang_zhang,1
hanming_fang,0
hanno_lustig,0
hans-joachim_voth,0
hans-theo_normann,0
hans-werner_sinn,0
hansoo_ko,0
hanyi_yi,1
haoran_he,0
haotian_xiang,0
haoxiang_zhu,0
haoyang_liu,0
haoyu_gao,0
haoyuan_ding,0
harjoat_bhamra,0
Harounan,0
hartmut_egger,0
hashmat_khan,0
hasin_yousaf,0
hawre_jalal,0
hayri_onal,0
hc248,0
he_yang_1,1
heebum_lee,0
heepyung_cho,0
heesoo_joo,1
hefei_wen,1
heiwai_tang,0
hejing_chen,1
helios_herrera,0
hengjie_ai,0
hengyong_mo,0
henk_nijmeijer,0
heqing_zhu,1
heski_bar-isaac,0
hess_chung,0
hessel_oosterbeek,0
heyu_xiong,0
hg_wang,-1
hhaishili,0
hiaulooi_kee,1
hideaki_hirata,0
hidehiko_ichimura,0
hiejoo_ahn,1
hielke_buddelmeyer,0
hien_nguyen,1
hikaru_saijo,0
Himabindu_lakkaraju,1
hiro_ito,0
hiuman_chan,1
hkchien,-1
hlee,1
hoailuu_nguyen,1
hodaka_morita,0
holmstrom,0
hong_cheng,0
hong_luo,1
hong_ma,0
hong_ru,0
hong_song,1
hong_zou,0
hong-yi_tu_ye,0
hongbin_cai,0
hongbin_li,0
honggi_lee,0
honghui_chen,0
hongjun_yan,0
hongkai_zhang,0
hongping_tan,0
hongqi_liu,1
hongwei_xu,0
hongxun_ruan,0
hongyan_ma,-1
hongye_guo,0
hongyi_li,0
hoonsuk_park,0
hragchoi,0
hsienming_lien,0
hsiu-ling_wu,1
hsiulang_chen,0
hskang,0
htparsley,0
hua_fang_liu,1
hua_he,0
huacong_liu,1
huailu__li,1
huaizhi_chen,0
huan_tang,1
huanan__xu,1
huanhuan_wang,1
huanhuan_zheng,1
huifang_tian,1
huigang__chen,0
huihua_nie,0
huiwen_lai,0
huixin_bi,1
huiyu_li,1
huju_liu,0
hummy_song,1
hung-ju_chen,1
huntaway,0
husnu_dalgic,0
huub_meijers,0
HVandenbussche,1
hw227,1
hye-rim_kim,-1
hyeik_kim_1,1
hyeog_kwon,0
hyeok_jeong,0
hyun_choi,0
hyun_shin,0
hyunbae_chun,0
hyungsik_moon,0
hyunhoe_bae,1
hyunseob_kim,0
hyunseung_oh,0
hyunsung_kang,0
hzhou,0
iben_bolvig,1
icefire,0
ichiro_fukunaga,-1
ifen_lin,1
ijun_lai,1
ilhyock_shim,0
ilke_vanbeveren,1
ilkka_seppala,0
illenin_kondo,0
ilpo_kauppinen,0
ilwoo_hwang,0
imke_reimers,1
immo_schott,0
indrit,0
ing-haw_cheng,0
ingukhang,0
ingvil_gaarder,1
ingvild_almas,1
inigo_verduzco_gallo,0
inseok_shin,0
inubuta,0
ionut_cotoc,0
IORWERTH,0
iourii_manovskii,0
ippei_fujiwara,0
ira_shoulson,0
irineu_decarvalhofilho,0
irvind_gujral,1
ishaana_talesara,1
ishac_diwan,0
isil_erel,1
ithai_lurie,0
ittay_eyal,0
iuliana_pascu,-1
j._carter_braxton,0
jaakko_pehkonen,0
jaanika_merikull,1
jaap_abbring,0
jacelly_cespedes,1
jacky_lin,0
jackyu,0
jacques_thisse,0
jade_benjamin-chung,1
jadrian_wooten,0
Jae_Choi,0
jae_sim,0
jae_song,0
jae-young_lim,0
jaebin_ahn,0
jaerim_choi,0
jaesang_sung,0
jaewoo_lee,0
jaime_demelo,0
jaime_ramirez-cuellar,0
jaime_zender,0
jamein_cunningham,0
jamie_taber,1
jamin_speer,0
jan_brueckner,0
jan_cooper,1
jan_deloecker,0
jan_eeckhout,0
jan_feld,0
jan_groen,0
jan_hatzius,0
jan_ondrich,0
jan_ostermann,0
jan_rivkin,0
jan_ruffner,0
jan_sebastian_nimczik,0
jan_stuhler,0
jan_svejnar,0
jan_szilagyi,0
jan_vanours,0
jan_walliser,0
JanDBakker,0
janet_hao,1
janjala_chirakijja,0
JanMarcus,0
janpieter_krahnen,0
janstoop,0
janvier_nkurunziza,0
jaren_pope,0
jarkko_harju,0
jarle_moen,0
jaroslav_borovicka,0
jasjit_singh,0
jaume_ventura,0
jawer600,-1
jawwad_noor,0
jayendu_patel,0
jbm532,0
jdebettignies,0
jdebnam,1
jdhuang,0
jean_abraham,1
jean_beuve,0
jean_boivin,0
jean_francois__laslier,0
jean_gardy_victor,0
jean_helwege,1
jean_imbs,0
jean_jacod,0
jean_lanjouw,1
jean_lee,1
jean_tirole,0
jean-deominique_deuschel,0
jean-laurent_rosenthal,0
jean-thomas_bernard,0
jeannoel_barrot,0
jeanpascal_bassino,0
jeanwilliam_laliberte,0
jeanyoung,1
jee-hyeong_park,0
jeehoon_han,0
jeelehmann,1
jenny_ying,1
jerchern_lin,0
jere_behrman,0
jesenka_mrdjenovic,1
jessie_handbury,1
jetson_leder-luis,0
jevgenijs_steinbuks,0
ji_min_park,1
ji_zhang,1
jia_chen,0
Jiacan,1
jiacui_li,0
jiafeng_chen,0
jiahai_yuan,0
jiaheng_yu,0
jiahua_liu,0
jialan_wang,1
jialin_huang,-1
jialin_yu,0
jialu_streeter,1
jialun_li,1
jialun_yang,1
jianan_liu,1
jianchao_quan,0
jiandong_ju,0
jianfeng,0
jianfeng_yu,0
JianfengShen,0
jiang_li,1
jiang_wang,0
jiangmin_xu,0
jiangze_bian,0
jianhuai_shi,0
jianhuan_xu,0
jianjing_lin,1
jianjun_miao,0
jianqing_fan,0
jianwei_xing,0
jiaojiao_yang,-1
jiaping_qiu,0
jiarui_liu,1
jiasun_li,0
jibao_he,0
jidong_zhou,0
jie__ma,1
jie__yang,1
jie_bai,1
jie_cao_1,0
jie_he_1,0
jie_pan,-1
jie_shen,0
jie_zhang,1
jiekun_huang_1,0
jieming_zhong,0
jiequn_han,0
jieyi_lu,1
jihong_song,0
jikun_huang,0
jin_feng,1
jin_li,0
jin_liu,1
jin_wu,1
jin_young_lee,-1
jin_zhou,1
jin-tan_liu,0
jinfan_zhang,0
jinfei_sheng,0
jinfeng_luo,0
jingjing_chai,1
jinglinw,1
jinhu_li,1
jinhua_zhao,0
jinhui_bai,0
jinhyung_lee,0
jinqiang_yang,0
jinwen_wang,1
jinwenxu,1
jinyong_hahn,0
jinyoung_kim,0
jinyu_liu_1,1
jipeng_zhang,0
jiri_slacalek,0
jisangyu,0
jishnu_das,0
jisung_park,0
jiyong_eom,0
jjprescott,0
jmisalas,0
joacim_tag,0
jody_sindelar,1
joerg_heining,0
joern_onken,0
johann_harnoss,0
jong-wha_lee,0
jongha_lim,1
jongrim_ha,0
jongrong_chen,0
jongsang_park,-1
jongsub_lee,0
joon_song,0
joon-ho_hahm,0
joonhwi_joo,0
joosung_jun,0
joowon_kim,-1
joppe_de_ree,0
jordan_brooks,0
jordan_keener,0
jordan_louviere,0
jordan_matsudaira,0
jordan_rappaport,0
jordanckyle,1
jordi_gali,0
jordi_jaumandreu,0
jordi_weinstock,0
jorg__stoye,0
jorg_rocholl,0
jorg_spenkuch,0
jorn-steffen_pischke,0
josaphat_kweka,0
jose-daniel_reyes,0
jose-maria_da-rocha,0
jose-victor_rios-rull,0
joseba_martinez,0
josefin_meyer,1
josemiguel_abito,0
jota_ishikawa,0
jourdain_lokossou,0
jp_sevilla,0
jr_keller,-1
jtmullins,0
juanjuan_meng,1
jue_ren,1
juhani_linnainmaa,0
jui-chung__yang,0
juin-jen_chang,0
julan_du,0
jun-koo_kang,0
junbo_wang,0
junfu_zhang,0
jung_sakong,0
jungho_lee,0
jungjae_park,-1
jungkyusuh,0
jungmin_kim,1
jungmin_lee,0
jungsuk_kim,1
jungwon_yeo,-1
jungwook_kim,0
jungwook_shim,0
jungyoll_yun,0
junhee_lee,0
junjian_yi,0
junmin_wan,0
junsang_lee,0
junsen_zhang,0
junsoo_lee,0
junzi_he,-1
Jure_Leskovec,0
justus_baron,0
jwjung,0
jyh-lin_wu,0
jyjeepc,0
jyldyz_djumalieva,1
jyothi_gali,1
ka-fu_wong,0
kai_carstensen,0
kai_hong,0
kai_li,1
kai_li_1,0
kai_truempler,0
kai_yeung,0
kai_yuan_kuan,0
kai-uwe_kuhn,0
kaiji_chen,0
kairong_xiao,0
kaiwen_leong,0
kaixu_xie,0
kam_yu,0
kameshwari_jandhyala,1
kamiar_mohaddes,0
kan_chen,0
kanaka_shetty,0
kanghong,-1
karel_mertens,0
karl-heinz_todter,0
karrar_jaffar,0
kasey_buckles,1
kassu_hossiso,0
katariina_nilsson_hakkala,1
katsu_goda,0
katsuhiko__nishiyama,-1
katsunori_yamada,0
kazi_iqbal,0
kazuatsu_shimizu,0
kazushige_shimpo,0
kazuyuki_motohashi,0
kbhattsar,0
kc_claffy,1
kc_fung,0
ke_tang,0
ke_wang,1
kee-hong_bae,0
kegon_tan,0
kehinde_ajayi,1
kei_kawai,0
kei-mu_yi,0
keijiro_otsuka,0
kelly_bedard,1
kelly_bishop,1
kelly_chen,1
kelly_hallberg,1
kelly_holland,0
kelly_mccusker,1
kelly_noonan,1
kelly_ochs_rosinger,1
kelly_roache,1
kelly_shue,1
kelly_zhang,1
kellyanu,1
kelviny,0
kenju_kamei,0
kenneth_e_mcconnell,0
kensington_cochran,1
kerry_back,0
kerry_papps,0
kerry_smith,0
kerryanne_mcgeary,1
ketki_sheth,1
kewei_hou,0
keyoung_lee,0
keyu_jin,1
khangelani_zuma,0
khashayar_khosravi,0
kibrom_abay,0
kieu-trang_nguyen,1
kiichi_tokuoka,-1
kikkawa,0
kim_clark,0
kim_oosterlinck,0
kim_peijnenburg,1
kim_rueben,1
kim_ruhl,0
kim_siegal,1
kiminori_matsuyama,0
kirabo_jackson,0
kiyohiko_nishimura,0
kiyotaka_sato,0
kjetil_bjorvatn,0
kjetil_storesletten,0
klakow_akepanidtaworn,-1
kleniosb,0
klodiana_istrefi,1
kohlermnber,1
kohtaro_hitomi,0
koichiro_ito,0
koleman_strumpf,0
koralai__kirabaeva,1
kory_kroft,0
kosali_simon,1
kozo_kiyota,0
kris_mitchener,0
krishna_kumar,0
krishna_palepu,0
krishna_pendakur,0
krishnamoorthy_narasimhan,0
krishnamurthy_subramanian,0
krishregmi@gmail.com,0
krislert_samphantharak,0
krister_andersson,0
kritee_gujral,1
ktshen,0
kuan-ming_chen,0
kuanhu_xiang,-1
kuansan_wang,0
kun_jiang,1
kun_li,0
kunfu_zhu,0
kuo-liang_wang,-1
kuzey_yilmaz,0
kwanho_shin,0
kwanlee84,0
kwanyong_lee,0
kyang2020,-1
kyoji_fukao,0
kyoo_il_kim,0
kyooho_kwon,0
kyung_lee,0
Kyung_Park,0
kyungchul_song,0
kyunghee__kim,-1
kyungmin_kang,0
kyutaro_matsuzawa,0
lai_wei_1,1
lai_yee_tan_1,1
lakshitaj,1
lan_liang,-1
lan_zhang,1
lanier_benkard,0
lans_bovenberg,0
lant_pritchett,0
larsalexander_kuehn,0
laurent_calvet,0
laxman_timilsina,0
ldpape,0
le_sun,-1
lee_alston,0
lee_biggerstaff,0
lee_branstetter,0
lee_craig,0
lee_fleming,0
lee_lockwood,0
lee_ohanian,0
lee_pinkowitz,0
lee_vermeulen,0
lee-sien_kao,1
leemore_dafny,1
leigh_linden,0
leigh_wedenoja,1
leming_qu,0
lesley_chiou,1
lesley_turner,1
leslie_koyle,1
leslie_l._roos,0
leslie_martin,1
leslie_mcgranahan,1
leslie_papke,1
leslie_robinson,1
leslie_shen,1
leslie_young,0
li_chunding,0
li_feng,1
li_gan,0
li_jiang,1
li_jin,0
li_wang,1
li_yang,0
li-shiun_chen,1
liad_wagman,0
lian_zhou,0
liandong_zhang,0
liang_lu,0
liang_ma,0
liang_peng,0
liang_zhang,0
liangbai,0
liangliang_jiang_1,1
libassi,0
liguo_lin,0
lin__sun,1
lin_ma,0
lin_peng,1
lin_tian,1
lin.shen@insead.edu,1
ling_feng,1
ling_tan,1
lingfangivy_li,1
lingfeng_li,0
linke_hou,0
linsonghua,-1
lint_barrage,1
lior_menzly,0
lipenghu,-1
liping_ma,1
liu_yang_,1
LiuhyNBER,0
liuren_wu,0
liuxuan1016,1
liuyan_zhao,-1
lixin_huang,0
lixin_xu,0
lixuesong,0
liyi_cen,-1
lizhi_liu,1
lizhong_peng,0
ljeng,1
ljiang,1
Lodewijk_visschers,0
logan_lewis,0
loren_brandt,0
loren_rodgers,0
lorens_helmchen,0
loretti_dobrescu,1
lorin_hitt,0
louka_katseli,1
louphou__coulibaly,0
lourencopaz,0
lsheng,0
lubomir_litov,0
lubomir_petrasek,0
lucija_muehlenbachs,1
ludvig_wier,0
luis_mejia,0
lunyangh,0
luo_zuo,0
luojia_hu,1
luosha_du,-1
lurunjing,1
luzi_hail,0
lyn_squire,0
m_bumin_yenmez,0
mackenzie_alston,1
Mackenzie_Wood,-1
madhu_khanna,1
madison_singell,1
magne_mogstad,0
maheshwor_shrestha,0
mahnum_shahzad,1
mahvash_qureshi,1
maimuna_majumder,1
maitreesh_ghatak,0
malachan,1
malin_adolfson,1
mallesh_pai,0
man_lung_chan,-1
man-keung_tang,0
manni_yu,1
manos_matsaganis,0
manpreet_singh,0
mans_soderbom,0
manudeep_bhuller,0
mar_reguant,1
marc_muendler,0
mardge_cohen,1
mariagiovanna_baccara,1
mariassunta_giannetti,0
marie-pierre_de_bellefon,1
marietou__ouayogode,1
marigee_bacolod,1
marinho_bertanha,0
marion__dovis,1
maripier.isabelle,1
marjolaine_gauthier-loiselle,1
marti_mestieri,0
marti_subrahmanyam,0
martijn_cremers,0
Maryaline_Catillon,1
masayoshi_maruyama,0
masyhur_hilmy,0
matej_drev,0
mathijs_van_dijk,0
matthew_vorsatz,0
matthijs_breugem,0
matthijs_wildenbeest,0
matti_keloharju,0
matti_liski,0
Maury_Gittleman,-1
maxym_kryshko,0
mayara_felix,1
mbolhuis,0
mehrab_bakhtiar,0
mel_khaw,0
melayne_mcinnes,1
meng-wen_tsou,-1
mengcen_qian,-1
mengchun_liu,0
mengjia_ren,1
mengjie_pan,1
menglisha,1
mengqi_wang,1
mengxiaoliu,1
mengxin_zhao,1
menzie_chinn,0
merike_kukk,1
merrill_warnick,0
mesay_melese_gebresilasse,0
mevlude.akbulut,1
mghosh,0
miao_ben_zhang,0
miao_liu,0
miaojie_yu,0
miaoyu_yang,1
micah_officer,0
michal__czerwonko,0
michal_bauer,0
michal_dzielinski,0
michal_grajek,0
michal_kolesar,0
michal_kurlaender,1
michal_myck,0
michal_szkup,0
michel_bierlaire,0
michel_grosz,0
michel_serafinelli,0
michel_van_der_wel,0
mickey_d_levy,0
migiwa_tanaka,1
mihyelee,-1
Miikka_Rokkanen,0
mika_akesaka,0
mika_goto,1
mikegami,0
mikko.silliman,0
milan_lisicky,0
milan_nedeljkovic,0
milind_tambe,0
min__lee,0
min_dai,0
min_qiang_zhao,0
min_wei,1
min_yu,0
minahil_asim,1
minchunghsu,0
mine_kuban_yucel,1
minezeynep_senses,1
minfei_xu,1
ming_dong,0
ming_huang,0
ming_li,1
ming_lu_1,0
ming_taiseale,1
ming_xu,1
ming-jen_lin,0
mingching,0
mingli_zhong,1
mingming_zhou,1
mingshan_lu,1
mingxing_liu,0
mingyu_chen,0
mingzhi_xu,0
mingzhu_tai,1
minjoon_lee,0
minki_kim_1,0
minseong_kim,0
minsoolee,0
minsung_park,0
Minu_Philip,1
minyuan_zhao,1
mirabelle_muuls,1
misak_avetisyan,0
misha_galashin,0
missaka_warusawitharana,0
misuzu_otsuka,1
mitsuhiro_fukao,0
mitsukuni,0
mitsuru_iwamura,0
mitsuyo_ando,0
miyabi_ishihara,1
miyajima,0
mizuho__kida,1
mo_xiao,1
modibo_sidibe_,0
Mogens,0
moitshepi_matsheng,1
momotazur_rahman,0
momtchil_pojarliev,0
monimalika__day,1
monira_aloud,1
moqi_xu,1
morgan_henderson,0
morgan_smart,1
morgan_williams,0
motohiro_yogo,0
mototsugu_shintani,0
motty_perry,0
Moyan_Li,0
mridula_raman,1
mroyyoo,0
mthuli_ncube,0
mudit_kapoor,0
muhamet_yildiz,0
mujeung_yang,0
mun-sim_lai,1
munseob,0
munther_dahleh,0
murillo_campello,0
murugi_ndirangu,1
muzhe_yang,0
mykyta_vesselovsky,0
myrto_kalouptsidi,1
naama_shenhav,1
nabanita_datta_gupta,1
naci_mocan,0
naercio_aquino_menezes_filho,0
nagisa_tadjfar,1
nagore_iriberri,1
nagpurnanand_prabhala,0
nahim_zahur,0
najy_benhassine,0
namho_kang,0
namho_kwon,0
namsoug_kim,-1
"NANASEI",0
nanneh_chehras,1
naohiro_yashiro,0
"NAOHISA",-1
naoshi_ikeda,-1
narasimhan_jegadeesh,0
nasim_khoshkhou,1
natee_amornsiripanitch,0
neele_balke,1
neng_wang,0
nergiz_dincer,1
neriman_beste_kaygisiz,1
nete_nielsen,1
neviana_petkova,-1
nezih_guner,0
ngee-choon_chia,1
ngockhanh_tran,0
nianhang_xu,0
nianlizhou,1
nico_voigtlaender,0
nicola_bianchi,0
nicola_branson,1
nicola_cetorelli,0
nicola_fuchs,1
nicola_fusari,0
nicola_gennaioli,0
nicola_lacetera,0
nicola_pavoni,0
nicola_persico,0
nicola_rosaia,0
nicola_tynan,1
nidhiya_menon,1
nikita_melnikov,0
nikita_roketskiy,0
nikolaj_harmon,0
nikolaj_moller,0
nikolaj_siersbaek,0
nilanjan_roy,0
ning_tang,1
ning_zhu,0
nirupama_kulkarni,1
nirupama_rao,1
nisvan_erkal,1
nittai_bergman,0
NITZ543,1
njaakkola,0
njharbo,0
nobuhiro_kiyotaki,0
nodir_adilov,0
noel_maurer,0
norihiko_yamano,0
nouriel_roubini,0
nrupen_bhavsar,0
nune_hovhannisyan,1
nur_cahyadi,0
nusret_cakici,0
nusret_sahin,0
nygar028,0
o_t_ford,0
obeid_u._rehman,0
oeindrila_dube,1
ofer_eldar,0
ofer_malamud,0
ofer_setty,0
ofira_schwartz-soicher,1
ohto_kanninen,0
oleksandr_talavera,0
oleksandr_zhylyevskyy,0
olle__folke,0
olli_raitakari,0
olmo_silva,0
ombretta_signori,1
onsel_emre,1
oo7zsx,0
oraaum,0
orie_shelef,0
orkun_saka,0
osea82,0
otmar_issing,0
ouarda_merrouche,1
Ozgen,0
ozkan_eren,0
paalmii,0
packalen,0
pager,1
pailing_yin,1
paivi__karhunen_,1
panicos_demetriades,0
panini73,0
panle_barwick,1
panu_poutvaara,0
parameswaran_gopikrishnan,0
paramita_sinha,1
partha_dasgupta,0
partha_deb,0
pascaline_dupas,1
paswel_marenya,0
paul_gao,0
pei-ju_liao,1
pei-tseng_jenny_hsieh,1
peichu_xie,0
peichun_wang,0
pekkarinen,0
penarol49,0
pengfei_han,0
pengfei_wang,0
pengfei_zhang,-1
pentti_kouri,0
per-anders_edin,0
petri_bockerman,0
phongsack_manivong,-1
pian_shu,1
pierlauro_lopez,0
pierre_hautcoeur,0
pierre-andre_chiappori,0
pierre-carl_michaud,0
pierre-daniel_sarte,0
pierre-loup_beauregard,0
pierre-luc_vautrey,0
pierre-olivier_gourinchas,0
pierre-olivier_weill,0
pierre-philippe_combes,0
pierre-richard_agenor,0
pierre-thomas_leger,0
pinelopi_goldberg,1
ping_he,0
ping_lung_hsin,0
ping_qin,1
ping_wang,0
ping_yan,1
pinka_chatterji,1
pipat_luengnaruemitchai,0
plutarchos_sakellaris,0
pm_robinson,0
po-hsuan_hsu,0
pok-sang_lam,0
pol_antras,0
ponpoje_porapakkarm,0
pooyan_amirahmadi,0
posithinks,0
ppenglong,0
prabhat_jha,0
pranjul_bhandari,1
prasada_rao,0
pratyushtiwari,0
prime_nyamoya,0
prithwiraj_choudhury,0
prottoy_aman_akbar,0
purpleteeth,0
purushotham_botla,0
pushan_dutt,0
pushkar_maitra,0
qi_chen,0
qi_zhang_2,-1
qian_chen,-1
qian_liu_2,1
qian_lu,0
qian_weng,1
qiang_dai,0
qiang_fu,0
qiang_gong,0
qiang_kang,0
qianqian_du,1
qiao_liu,0
qiaoyi_chen,-1
qihua_qiu,1
qihui_hu,-1
qilin_peng,0
qin_gao,1
qing_gong,1
qing_he_1,0
qing_hu,1
qing_miao,1
qing_wang_1,0
qinghua_zhang,1
qingmin_liu,0
qingnan_xie,1
qingqing_chen,1
qingran_li,1
qingyan_shang,1
qingyang_xu,0
qingyi_drechsler,1
qingyuan_du,0
qinqin_meng,1
qinyi_liu,1
qiong_wang,1
qiping_xu,1
qitong_wang,0
qu_tang,1
quamrul_ashraf,0
quanlin_gu,0
quinn_maingi,0
quoc-anh_do,0
quy-toan_do,0
raaj_sah,0
rabah_arezki,0
rabee_tourky,0
racha_moussa,1
rachel_lu,1
raffaello__varadavas,0
ragan_petrie,1
raghabendra_chattopadhyay,0
raghavendra_rau,0
raghuram_rajan,0
ragnhild_schreiner,1
rahiabouk,0
rajashri_chakrabarti,1
Rajeswari_sengupta,1
rajkamal_iyer,0
rajnish_mehra,0
rajshree_agarwal,1
rajshri_jayaraman,1
ramana_nanda,0
ramayya_krishnan,0
ran_spiegler,0
raven_saks,1
raviv_murciano-goroff,0
re-jin_guo,1
redis_zaliauskas,0
refet_gurkaynak,0
reinhilde_veugelers,1
reint_gropp,0
rembrand_koning,0
remco__oostendorp,0
remi_jedwab,0
rene_boeheim,0
rene_garcia_franceschini,0
rene_karadakic,0
rene_lalonde,0
rene_leal_vizcaino,0
rene_stulz,0
rene_van_vliet,0
renfu_luo,0
rengming_xie,-1
renos_vakis,0
reshmaan_hussam,1
rgranzier,1
rhokeun_park,-1
richardkailiu,0
rigissa_megalokonomou,0
rikard_forslid,0
riley_wilson,0
rileyleague,0
rinkumurgai,1
ririn_purnamasari,1
rish_singhania,0
risheng__mao,0
ritwika_sen,1
rizie_kumar,1
robert__farrokhnia,0
roberton_williams,0
robin_burgess,0
robin_cross,0
robin_greenwood,0
robin_lee,0
robin_lumsdaine,1
robin_mcknight,1
robin_sickles,0
rodimiro_rodrigo,0
rolang_majelantle,-1
romney_duffey,0
rong_hai,1
rong_qian,1
rong_xu,-1
rong_xu_1,0
rongsheng_tang,0
rongzhu_ke,0
roni_michaely,0
rory_mcgee,0
rudi_bekkers,0
rudiger_dornbusch,0
rudolfs_bems,0
ruediger_bachmann,0
ruediger_fahlenbrach,0
ruediger_stucke,0
ruichao_si,0
ruiqing_cao,1
ruixue_jia,1
runjuan_liu,1
ruochen_dai,0
ruoding_tan,-1
ruoke_yang,0
ruqu_wang,0
rurtin_wolfe,0
rute_martins_caeiro,1
ruud_demooij,0
ruying_hu,1
s._nageeb__ali,0
s.rachapalli,1
sabareesh,0
sabien_dobbelaere,1
sadao_nagaoka,0
sagiri_kitao,1
sai_krishna_kamepalli,0
sai_ma,0
saidinkeeper,0
saktiandi_supaat,0
salal_humair,0
saman_majd,0
sami_miaari,0
sampsa_samila,0
sandy_lai,1
sang_byung_seo,0
sang_hoon_kong,0
sang_seok_lee,0
sanghamitra_das,-1
sangjoon_lee,0
sangmok_lee,0
sangyong_park,0
sanjog_misra,0
sanmay_das,0
SanniBreining,1
sarath_sanga,0
saravana,0
saroj_bhattarai,0
sarojinirao,1
sarvimaki,0
sascha_becker,0
sascha_steffan,0
saso_polanec,0
satadru_das,0
satej_soman,0
saten_kumar,0
satyajit_chatterjee,0
saumitra_jha,0
savitar_sundaresan,0
sayantan_ghosal,0
saziye_akyol,1
sean_chu,0
sefi_roth,0
sehyoun_ahn,0
selale_tuzel,1
selo_imrohoroglu,0
semiray_kasoolu,1
sendhil_mullainathan,0
seokjin_woo,0
seokkyun_hur,0
seong_moon,0
seonghoon_cho,0
seongjun_kim,0
seppo_honkapohja,0
sergii_meleshchuk,0
serguey_braguinsky,0
seung-rae_kim,0
seunghoon_na,0
seungryul__shin,0
seungwoo__chin,0
sevin_yeltekin,1
sevket_pamuk,0
sewin_chan,1
sewon_hur,0
shabib_raihan,0
shahe_emran,0
shahzeen_attari,1
shai_bernstein,0
shaiza_qayyum,1
shakeeb_khan,0
shakked_noy,0
shamyla_chaudry,1
shan_ge,1
ShanG_He,1
shang-jin_wei,0
shanglyu__deng,-1
shanjun_li,0
shanker_satyanath,0
shannon_phillips,1
shannon_seitz,1
shantayanan_devarajan,0
shanti_rabindran,1
shaoda_wang,0
shaohua_chen,0
shaojie_zhou,0
sharique_hasan,0
sharon-lise_normand,1
sharun_mukand,0
shawn_bushway,0
shawn_cole,0
shawn_garbett,0
shawn_grover,0
shawn_kantor,0
shawn_klimek,0
shawn_mccoy,0
shawn_stoddard,0
shawnpowers,0
sheng_cheng_hu,0
shenggen_fan,0
shenghao_zhu,0
Shengmao_Cao,0
shengwu_li,0
shengyuli,0
sherlockyangxie1988,0
sherry_gao,1
shi_yan,0
shifrah_aron-dine,1
shige_song,0
shigeru_fujita,0
shih_en_lu,0
shih_hui-tzu,-1
shihao_gu,0
Shihe_Fu,0
shihua_lu,-1
shijie_yang,0
shikhar_mehra,0
shilong_sun,0
shilpi_kapur,1
shin_kanaya,0
shin-horng_chen,0
shin-ichi_fukuda,0
shin-kun_peng,0
shin-yi_chou,1
shingyi_wang,1
shinichi_kamiya,0
shinichi_nishyama,0
shinjae_won,1
shinsuke__uchida_,0
shinsuke_tanaka,0
shirsho_biswas,0
shitse_lo,0
shiu-sheng_chen,0
shivaram_rajgopal,0
shiyiwang,0
sho_watanabe,-1
shobhini_mukherji,1
sholden,0
Shom_Mazumder,0
shomesh_chaudhuri,0
shon_ferguson,0
shooshan_danagoulian,1
shoumitro_chatterjee,0
shourun_guo,-1
shouyong_shi,0
shoya_ishimaru,0
shreekanth__mahendiran,0
shrihari_santosh,0
shripad_tuljapurkar,0
shu__tian,1
shu_wang,1
shu_wen_ng,1
shuaizhang_feng,0
shubham_chaudhuri,0
shujiro_urata,0
shuky_ehrenberg,0
shulin75,0
shumiao_ouyang,0
shun_yan,0
shunming_zhang,0
shuo_liu,0
shuo_zhang,1
shupeng_sun,0
shuqiao_sun,0
shurojit_chatterji,0
shushanik_hakobyan,1
shuyang_sheng,1
shyamal_chowdhury,0
sichuang_xu,0
sida_li,0
sida_peng,0
siddhi_doshi,1
sietse_goffard,0
siew_hongteoh,1
sigridur_benediktsdottir,1
sihao_chen,0
sijie_li,1
sikandra__kurdi,1
simen_markussen,0
simi_kedia,1
simiao__chen,1
sina_ates,0
sina_ehsani,0
siping_luo,-1
siqi_zheng,1
sissel_jensen,1
siwan_anderson,1
siyan_liu,1
siyang_li,1
sjamsu_rahardja,0
snaebjorn_gunnsteinsson,0
soaresyu,0
soenje_reiche,1
soeren.henn,0
sofonias_korsaye,0
sofronis,0
sohnke_bartram,0
sokbae_lee,0
sokchul_hong,0
soku_byoun,0
solene_delecourt,1
somalee_banerjee,1
somnath_sharma,0
song_han,0
song_ma,0
Song_Zhang,0
song-hee_hailey_kim,1
songman_kang,0
songtao_tan,0
songyuan_teng,-1
songzi_du,0
sonjeongwon621,-1
soodeh_saberian,1
soohun_kim,0
soohyung_lee,1
sookyo_jeong,1
soomi_kim_1,1
souphala_chomsisengphet,1
sowmya_vajjala,1
sp_harish,0
sreedhar_bharath,0
sreenivasan_subramanian,0
sreyashi_sharmin,1
sreyoshi_das,1
sshen92,1
stephane_auray,0
stephane_becuwe,0
stephane_bonhomme,0
stephane_carcillo,0
stephane_guibaud,0
stephane_hallegatte,0
stephane_mechoulan,0
stephane_verani,0
stephane_zuber,0
stephanedupraz,0
stijn_broecke,0
stijn_claessens,0
stijn_vannieuwerburgh,0
subir_lall,0
subramaniam_ramanarayanan,0
sudarno_sumarto,0
sudipto_dasgupta,0
suhui_li,1
sujeong_park,1
sujoy_chakravarty,0
suk_jae_noh,-1
sukjin_han,0
sukkoo_kim,0
sumiye_okubo,-1
sun_go,0
sun_wang,1
sun-bin_kim,0
sung_won_kang,-1
sungchul_park,0
sunghun_lim,0
sunjungoh,1
suqin_ge,1
surajeet_chakravarty,0
susan_yang,1
susanto_basu,0
sutanuka_roy,1
suvi_rovio,1
suyoun__han_,-1
swamiaiyar,0
swarnali_hannan,1
swarnjit_arora,0
swastika_mukherjee,1
sweder_van_wijnbergen,0
swujane_lin,1
sxc240,-1
sxjstein,0
sydney_ludvigson,1
sylaja_srinivasan,1
sylee.tim,0
sylvi_kuperman,1
syngjoo_choi,0
sze-chuan_suen,1
tack_yun,-1
tadeja_gracner,1
tae_okada,-1
taeyoon_sung,0
tai-wei_hu,0
tainjy_chen,0
tairi_room,1
taisuke_otsu,0
taisuke_uchino,0
taizo_motonishi,0
takaaki_nomoto,0
takaaki_ohnishi,0
takamune_fujii,0
takatoshi_ito,0
takero_doi,0
takuji_saito,0
tal_gross,0
tamar_oostrom,1
tamarmitts,1
tanjim_hossain,0
tanju_yorulmazer,0
tano_santos,0
tanwin_chang,0
tao_jin,0
tao_kong,1
tao_li_1,0
tao_li_4,0
tao_zeng,0
tao_zha,0
taojun_xie,0
Tasaneeya_Viratyosin,1
tasso_adamopoulos,0
tatsuyoshi_okimoto,0
tavneet_suri,1
taylor_jaworski,0
taylor_mackay,0
taylor_nadauld,0
tbuc99,0
tc88hk,0
tccheyi,0
tech_tan,0
teddyhoney,1
tel@ssb.no,0
terhi_ravaska,1
terho_lehtimaki,0
terry_anderson,0
terry_marsh,0
terry_schell,0
terry_shevlin,0
tetine_sentell,1
tetsuji_okazaki,0
tetsuji_yamada,0
tetsushi_sonobe,0
tfpechacek,0
thanavut_pornrojnangkool,0
thanh_tam_nguyen,-1
theis_jensen,0
thejonesiest,0
thepthida_sopraseuth,1
thesia_garner,1
tho_pham,1
thorhildur_olafsdottir,1
tian_tang,1
tian_xie,0
tianshu_sun,0
tianyan_hu,1
tianyu_fan,0
tianyu_wang_1,0
tie_su,0
til_schuermann,0
ting_chen_1,1
ting_wang,1
ting_xu,0
tinglan,1
tingyu,1
tiw41,0
tjhan99,-1
tlxia,0
toby_stuart,0
tokuo_iwaisako,0
toman_barsbai_1,0
tomoyoshi_yabu,-1
tongshu_ma,0
tongxuan_yang,1
toomaslaarits,0
tore_olsen,0
torkild_lyngstad,0
toshihiro_ihori,0
toshihiro_okubo,0
tpeltone,0
trachaworth,0
treb_allen,0
tridas_mukhopadhyay,0
trivellore_raghunathan,0
truc_bui,1
tsan-yao_huang,0
tsechun_lin,0
tsur_somerville,0
tsutomu_miyagawa,0
tsutomu_watanabe,0
tsvetelina_nenova,1
ttl4001,1
tuan-hwee_sng,0
tullio_jappelli,0
tuomas_kosonen,0
tuomas_matikka,0
tuomas_tomunen,0
tuomo_vuolteenaho,0
tymur_gabuniya,0
tzuohann_law,0
ulf_axelson,0
ulf_brueggemann,0
ulf_soderstrom,0
ulf_von_lilienfeld-toal,0
uniko_chen,1
unnur_anna__valdimarsdottir,1
urdanivia_michal,0
urho_lempinen,0
uris_baldos,0
urjit_patel,0
uros_petronijevic,0
utpal_bhattacharya,0
uttara_balakrishnan,1
vadym_lepetyuk,0
vadym_volosovych,0
vahagn_Galstyan,0
vahap_uysal,0
vaidehi_tandel,1
vaishaal_shankar,0
van_anh_vuong,1
van_tong,1
varadarajan_chari,0
vasia_panousi,1
vassilis_hajivassiliou,0
vefa_tarhan,0
vegsoup1,1
veikko_thiele,0
vellore_arthi,1
venky_venkateswaran,0
viacheslav_savitskiy,0
viacheslav_sheremirov,0
viji_kannan,1
viktar_fedaseyeu,0
viktors_stebunovs,0
vilsa_curto,1
vineer_bhansali,0
virat_agrawal,0
virgiliu_midrigan,0
vivekinan_ashok,0
vladyslav_sushko,0
vnaik,0
vojislav_maksimovic,0
vy_nguyen,1
wako_watanabe,0
wan-jung_cheng,1
wan-ying_chang,1
wanchuan_lin,1
wancong_fu,0
weerachart_kilenthong,0
wehnjyuan_tsai,-1
wei_chen_3,-1
wei_cheng,1
wei_chi,1
wei_dong,1
wei_fan,0
wei_huang,0
wei_jiang,1
wei_jiang_2,0
wei_li,0
wei_lyu,0
wei_wang,0
wei_wu_1,0
wei_xiong,0
wei_zhan,1
wei-min_hu,0
weihong__zeng,1
weihong_song,1
Weijia_dai,1
weili_ding,1
weiming_zhang,1
weiningx,0
weiran_huang,1
weixiao,0
weiyinhu,0
weizeng_sun,0
wen_chen_1,0
wen_hai2,0
wen_wen,1
wen_yao,1
wen-jui_han,1
wen-jung_liang,0
wen-tai_hsu,0
wenjie_chen,1
wenlan_qian,1
wenli_li,1
wenquan_liang,0
wenquan_zhang,0
wensi_xie,1
wentao_xiong_1,0
wenxi_jiang,0
wenxi_liao,0
wenxin_du,1
wenzhi_ding,0
whitney_dudley,1
whitney_newey,0
whitney_witt,1
wieland_mueller,0
wiktor_adamowicz,0
william_cong,0
wilson_choi,-1
wilsonzhang,0
wim.marneffe,0
wing_suen,0
wing_woo,0
witold_wiecek,0
wkozakowski,1
wlwilliam,0
woan_foong_wong,1
woo-keum__kim,-1
woochan_kim,0
woojin_kim,0
wookun_kim,0
wouter_botzen,0
wqian,-1
wynand_van_de_ven,0
xb2112,1
xbenj08,0
xi_chen,0
xi_liu,0
xi_weng,0
xi_wu,1
xi_wu_1,1
xi_zhu,0
xian_sun,1
xian_wu,1
xiang_hui,0
xiang_zheng,0
xiangdong_qin,0
xianghong_li,1
xiangliang_li,0
xiangmin_liu,1
xiangshi_liu,-1
xiangyu_chen,0
xiangyu_feng,0
xianling_long,1
xiao_han,0
xiao_hui_tai,1
xiao_wang,1
xiao_wang_2,1
xiaobo_lu,0
xiaobo_zhang,0
xiaochen,1
xiaochen_fan,1
Xiaofang_Dong,1
xiaofei_zhao,0
xiaofeng_zhao,0
Xiaoguang_chen,0
xiaoguang_yang,0
xiaohua_bao,1
xiaohuan_lan,0
xiaohui_guo,0
xiaoji_lin,0
xiaojun_wang,0
xiaolu_zhou,1
xiaomeng_lu,1
xiaoning_huang,0
xiaoshan_chen_1,1
xiaosheng_mu,0
xiaotong_niu,-1
xiaoxi_zhao,1
xiaoxue_zhao,1
xiliang_lin,0
xilu_chen,0
ximing_yue,-1
xin_lin,-1
xin_meng,1
xin_nong,0
xin_pan,-1
xin_wang,1
xin_wang_1,0
xin_xu,0
xin_yan,0
Xincheng,0
xinding_yu,1
xing_guo,0
xing_hu,1
xing_li,0
xingchb,0
xingtan_zhang,0
xingwang_qian,0
xinlu_yao,1
xinming_du,1
xinshen_diao,1
xintong_zhan,1
xinxian,-1
xinxin_chen,1
Xinxin_wang,1
xinyao_qiu,1
xinzhe_cheng,-1
xinzheng_shi,0
xiongshi_li,-1
xjiang1025,1
xuan_jiang,1
xuan_li_1,1
xuan_tian,0
xuan_wang,0
xuan_ye,1
xuan_zhou,1
xue_bai,1
xuechao_qian,1
xuehui_han,1
xuejie_yi,1
Xueli_tang,0
xuelin_li_1,0
xueming_luo_1,0
xuepeng_liu,0
xuewen_liu,0
xueyue_liu,0
xuezhen_tao,0
xuguang,0
xun_tang,0
xuwen_gao,-1
xuying2035,1
xx2251,0
xyan02@udayton.edu,1
xzhang63,1
xzhou,1
yacine_ait-sahalia,0
yafeng_wang,0
yaguang_zhang,0
yahwei_yang,1
yali_miao,-1
yalun_su,0
yan__zizhong,0
yan_bai,1
yan_chen,1
yan_chen_1,1
yan_cheung,0
yan_dong,1
yan_ji,0
yan_lau,0
yan_liu,0
yan_wang_1,1
yan_zhang,1
yanbo_ge,1
yanbo_wang,0
yanbo_wang_1,0
yang__song,0
yang_jiao,0
yang_lu_1,1
yang_sun,1
yang_tang,1
yang_wang,1
yang_xu,0
yang_yang,1
yang_yang_2,-1
yang_yang_3,-1
yang_yao,0
yang_you_1,0
yang_yue,0
yang_zhang_2,1
yanhao_wei,0
yanjun_liao,1
yannay_spitzer_1,0
yanyou_chen,0
yanyuwu,-1
yaohui_zhao,1
yaojing_wang,1
yaping_wang,0
yaqin_liu,1
yasheng_huang,0
yashna_shivdasani,1
yasutora_watanabe,0
Yazhen,1
yeejin_jang,1
yen-cheng_chang,0
yen-chia_hsu,0
yenchien_chen,-1
yeneng_sun,0
yeon-koo_che,0
yexiao_xu,0
yi_chen3,0
yi_cheng,1
yi_ding_1,0
yi_huang,0
yi_jiang,0
yi_lu,0
yi_qian,1
yi_shao,-1
yi_sun,0
yi_wen,0
yi_zhang_1,0
yi_zhang_3,1
yi-li_chien,0
yianyin,0
yicheng_zhu,0
yichong__zhang_,0
yifan__gong,0
yifan_li,1
yifan_zhang,0
yifan_zhou,0
yifang_wei,0
yihsu_chen,0
yihua_su,1
yihui_pan,1
yimei_zou,1
yin-chi_wang_1,-1
yinan_liu_1,-1
yinan_su,0
yinan_wang_1,1
ying_bai,0
ying_chen,1
ying_fan,1
ying_feng,1
ying_isabel_chen,1
ying_jiang,-1
ying_shen,1
yingchun_wang,1
yingcong_lan,1
yingdi_wang,1
yingfei_mu,-1
yinghua_he,0
yinghua_ku,1
yingquan_song,0
yingyao_hu,0
yingyue_quan,1
yinwong_cheung,0
yinxi_xie,0
yiqun_chen,1
yiran_chen,1
yiran_zhang,1
yishay_moaz,0
yishay_yafeh,0
yiting_li,1
yiwei_chen,0
yiwei_zhang,1
yiyanliu,1
yizhengu,0
yizhou_jin,0
yjmarcia1988,1
ykleekdi,-1
yl4180,0
yochul_choi,-1
yona_rubinstein,0
yong-cheol_kim,0
yongheng_deng,0
yongmin_chen,0
yongqiang.chu,0
yongqin_wang,0
yongseok_shin,0
yongsung_chang,0
yongxiang_wang,0
yongyang_cai,0
yooki_park,-1
yoon-jeong_shin,1
yoonjo,1
yoonsoo_lee,0
yosh_halberstam,0
yoshifumi_kon,-1
yoshihisa_godo,0
yoshihisa_noro,-1
yoshiro_tsutsui,0
yothin_jinjarak,0
yoto_yotov,0
youdi_schipper,0
youhong__lin,0
youming_liu,0
young_lee,0
youngdo,0
younghwan,0
youngjae_lim,0
youngjun_chun,0
youngki_shin,0
youngmin_park,0
youngsun_koh,0
youwei_wang,0
yu_koh,1
yu_liu,0
yu_liu_2,0
yu_liu_3,0
yu_shi2,1
yu_wang_1,1
yu_xu,0
yu_yuan,0
yu_zheng,1
yu_zhu,0
yu-chieh_hsu,1
yu-chu_shen,1
yu-jane_liu,1
YuanchenYang,1
yuanning_liang,1
yuanzhi__li,1
yuchen_xu,1
yuchin_chen,1
yuehua_tang_1,0
yueran_ma,1
YuetYee_wong,1
yuezhou_cai,0
yufei_yuan,-1
yufeng_wu,1
yuhai_xuan,0
yuhang_xing,1
yuhei_miyauchi,0
Yuheng,0
yuhui_zheng,1
yuhui72,-1
yujin_kim,1
yujiro_hayami,0
yuki_teranishi,-1
yukihiro_yasuda,0
yukun_liu,0
yukun_wang,1
yuliy_sannikov,0
yun_jung_kim,1
yun_pei,0
yunan_ji,1
yunfang_hu,1
yunguang_chen,0
yunhan_xu,1
yunyongt,0
yunzhi_hu,0
yupana_wiwattanakantang,1
yuri_sasaki,1
yuri_takhteyev,0
yusheng_peng,0
yusufcan__masatlioglu,0
yuxiao_dong,0
yuxin_chen,0
yuxiu_zhang,1
yuxuan_he,1
yuyu_chen,0
yyannu_cruz_aguayo,1
zadia_feliciano,1
zapal,0
zeigham_khokher,0
zenan_wu,0
zeqiong_huang_1,1
zetli001,0
zexi_wang_1,0
zeynal_karaca,0
zhangkai_huang,0
zhao_chen,0
zhaogang_song,0
zhaoguo_zhan,0
zhaonan_qu,0
zhaoxia_xu,1
zhaoyingyan0705,1
zhe_geng,0
zhe_li_1,0
zhehui_luo,1
zhekai_zhang,0
zheng_fang,0
zheng_liu,0
zheng_michael_song,0
zheng_sun_1,1
zheng_tracy_ke_,1
zheng_xueyi,0
zhengyang_jiang,0
zhengyang_xu_,0
zhenhua_li,0
zhenping_wang,1
zhentao_yin,0
zhentong_lu,0
zhenyu_gao,0
zhenyu_wang,0
zhhn1995,0
zhibo_tan,0
zhigang_tao,0
zhiguo_he,0
zhihan_cui,0
zhihong_yu,0
zhikai_xu,0
zhikuo_liu,0
zhipeng_liao,0
zhiqiang_liu,0
zhiwei_zhang,0
zhiyuan_li,0
zhongjin_lu,0
zhonglan_dai,1
zhongling1804,1
zhongxia_shelly_ye,1
Zhoudexin,0
zhu_wang,0
zhuan_pei,0
zhuan_xie,-1
zhuang__liu,0
zhuo_chen,0
zhuoqiong_charlie_chen,0
ziang_li,0
zigan_wang,0
zihui_ma,-1
zilu_zhou,1
ziqiao_chen,0
ziru_wei,-1
ZitengLei,0
zixuan__wang,0
ziyan_chu,1
zonglai_kou,0
zuang_hao,0
zvika_neeman,0
zxl0210,1
zzhao5,1
